{
  "condition": "no_image",
  "accuracy": 0.49631966351209256,
  "macro_f1": 0.476249167226486,
  "weighted_f1": 0.41795987067799906,
  "n_eval": 951
}