{
  "asphalt": {
    "precision": 0.9743589743589743,
    "recall": 0.8172043010752689,
    "f1-score": 0.8888888888888888,
    "support": 93.0
  },
  "PVC": {
    "precision": 0.9782608695652174,
    "recall": 1.0,
    "f1-score": 0.989010989010989,
    "support": 90.0
  },
  "sand": {
    "precision": 0.8735632183908046,
    "recall": 0.987012987012987,
    "f1-score": 0.926829268292683,
    "support": 77.0
  },
  "gravel": {
    "precision": 0.9652777777777778,
    "recall": 1.0,
    "f1-score": 0.9823321554770318,
    "support": 139.0
  },
  "grass": {
    "precision": 1.0,
    "recall": 0.9787234042553191,
    "f1-score": 0.989247311827957,
    "support": 94.0
  },
  "accuracy": 0.9594320486815415,
  "macro avg": {
    "precision": 0.9582921680185548,
    "recall": 0.956588138468715,
    "f1-score": 0.9552617226995099,
    "support": 493.0
  },
  "weighted avg": {
    "precision": 0.9616568799258767,
    "recall": 0.9594320486815415,
    "f1-score": 0.9585738869357558,
    "support": 493.0
  }
}