task,fusion,count,mean,max,std
activity,concat,26,0.9318470377410955,0.9967231769184842,0.10852335589013813
activity,gated,26,0.9189444866596671,0.9945102471807012,0.11197320796353015
surface,concat,26,0.7215875339798505,0.9263081201347924,0.1738754087570934
surface,gated,26,0.6725773335758056,0.9132714618401816,0.19367264810022602
