{
  "condition": "no_audio",
  "accuracy": 0.28180862250262884,
  "macro_f1": 0.08794093519278097,
  "weighted_f1": 0.12391256904135278,
  "n_eval": 951
}