class,precision,recall,f1,support
walk,0.9989495798319328,1.0,0.999474513925381,951
standing,1.0,0.9988545246277205,0.9994269340974212,873
sitting,1.0,1.0,1.0,911
