{
  "loss": [
    0.3641151189804077,
    0.2544846832752228,
    0.2353091537952423,
    0.22646920382976532,
    0.22562505304813385,
    0.22113078832626343,
    0.21340546011924744,
    0.21358583867549896,
    0.21222299337387085,
    0.21009083092212677,
    0.20596762001514435,
    0.20308613777160645,
    0.20147676765918732,
    0.20179307460784912,
    0.20142652094364166,
    0.20197966694831848,
    0.20016947388648987,
    0.1992303431034088,
    0.1989487111568451,
    0.19663873314857483,
    0.19572897255420685,
    0.19660533964633942,
    0.19510263204574585,
    0.19599325954914093,
    0.19676409661769867,
    0.1950293481349945,
    0.1944877803325653,
    0.19567932188510895,
    0.19373373687267303,
    0.19383877515792847,
    0.19375137984752655,
    0.18978232145309448,
    0.18982484936714172,
    0.1885535567998886,
    0.18703220784664154,
    0.18680627644062042,
    0.1868835687637329,
    0.18617050349712372,
    0.1863139420747757,
    0.1875338852405548,
    0.18664515018463135,
    0.1852087825536728,
    0.18765714764595032,
    0.18604668974876404,
    0.18446697294712067,
    0.1839330643415451,
    0.18373924493789673,
    0.18398094177246094,
    0.18397726118564606,
    0.18324202299118042,
    0.1833249181509018,
    0.18329684436321259,
    0.18312951922416687,
    0.18323573470115662,
    0.1829637736082077,
    0.18226151168346405,
    0.18287356197834015,
    0.18281951546669006,
    0.1820255070924759,
    0.18229959905147552,
    0.1818208247423172,
    0.18130654096603394,
    0.18161648511886597,
    0.18165670335292816,
    0.1811935156583786,
    0.18140697479248047
  ],
  "accuracy": [
    0.9374244809150696,
    0.9848596453666687,
    0.9894253015518188,
    0.9915738105773926,
    0.9911038279533386,
    0.9924802184104919,
    0.9939908981323242,
    0.9935208559036255,
    0.9929837584495544,
    0.9940915703773499,
    0.9950651526451111,
    0.9953336715698242,
    0.9958372712135315,
    0.9952665567398071,
    0.9954344034194946,
    0.9950315356254578,
    0.9955686926841736,
    0.9954344034194946,
    0.995535135269165,
    0.996206521987915,
    0.9962736964225769,
    0.9962736964225769,
    0.9962400794029236,
    0.9962736964225769,
    0.996005117893219,
    0.996340811252594,
    0.996475100517273,
    0.9958036541938782,
    0.996475100517273,
    0.9964415431022644,
    0.99654221534729,
    0.9976500868797302,
    0.9977172017097473,
    0.9977843165397644,
    0.9982543587684631,
    0.9983550310134888,
    0.9979186058044434,
    0.9984557628631592,
    0.9984222054481506,
    0.9979522228240967,
    0.9981536269187927,
    0.9984893202781677,
    0.9975493550300598,
    0.9981871843338013,
    0.9985900521278381,
    0.9987243413925171,
    0.9987914562225342,
    0.9986571669578552,
    0.9986907243728638,
    0.9987243413925171,
    0.9988585710525513,
    0.9986571669578552,
    0.9987243413925171,
    0.9987578988075256,
    0.9987578988075256,
    0.9988921880722046,
    0.9986907243728638,
    0.9988585710525513,
    0.9990264773368835,
    0.9989257454872131,
    0.999194324016571,
    0.9992278814315796,
    0.9991271495819092,
    0.9991271495819092,
    0.9992949962615967,
    0.9992614388465881
  ],
  "val_loss": [
    0.1977696418762207,
    0.1921611875295639,
    0.18845589458942413,
    0.18893255293369293,
    0.18977802991867065,
    0.1859545111656189,
    0.1858268827199936,
    0.18636848032474518,
    0.18363606929779053,
    0.18278947472572327,
    0.18142324686050415,
    0.18110889196395874,
    0.18097878992557526,
    0.18097153306007385,
    0.17971889674663544,
    0.1798715889453888,
    0.17920546233654022,
    0.1783309280872345,
    0.1798294633626938,
    0.1875562220811844,
    0.1797880232334137,
    0.1778617948293686,
    0.17720289528369904,
    0.17774832248687744,
    0.29329293966293335,
    0.17695246636867523,
    0.17686697840690613,
    0.17737899720668793,
    0.1774444282054901,
    0.17698869109153748,
    0.17717987298965454,
    0.1769520491361618,
    0.17626547813415527,
    0.1765090674161911,
    0.1753566414117813,
    0.17975182831287384,
    0.1745220422744751,
    0.17443972826004028,
    0.17436295747756958,
    0.17892582714557648,
    0.17706696689128876,
    0.17454631626605988,
    0.17460182309150696,
    0.17440004646778107,
    0.17403604090213776,
    0.1739528924226761,
    0.17407391965389252,
    0.1734171360731125,
    0.17359523475170135,
    0.1732380986213684,
    0.17384925484657288,
    0.19131238758563995,
    0.1741480678319931,
    0.18153512477874756,
    0.2706212103366852,
    0.17388179898262024,
    0.17551879584789276,
    0.18363820016384125,
    0.2183719128370285,
    0.20932650566101074,
    0.19518226385116577,
    0.21217697858810425,
    0.20991483330726624,
    0.24117784202098846,
    0.23208460211753845,
    0.18998701870441437
  ],
  "val_accuracy": [
    0.9996343851089478,
    1.0,
    1.0,
    1.0,
    0.9992687106132507,
    1.0,
    1.0,
    0.9992687106132507,
    1.0,
    1.0,
    1.0,
    1.0,
    0.9996343851089478,
    0.9996343851089478,
    1.0,
    0.9996343851089478,
    0.9996343851089478,
    1.0,
    0.9996343851089478,
    0.9948811531066895,
    0.9992687106132507,
    1.0,
    1.0,
    0.9996343851089478,
    0.9692870378494263,
    1.0,
    1.0,
    0.9996343851089478,
    1.0,
    0.9996343851089478,
    0.9996343851089478,
    0.9996343851089478,
    0.9996343851089478,
    0.9996343851089478,
    1.0,
    0.9974405765533447,
    1.0,
    1.0,
    1.0,
    0.998171865940094,
    0.9992687106132507,
    1.0,
    0.9996343851089478,
    0.9996343851089478,
    0.9996343851089478,
    0.9996343851089478,
    1.0,
    1.0,
    1.0,
    1.0,
    1.0,
    0.9893966913223267,
    1.0,
    0.9967093467712402,
    0.9711151719093323,
    0.9996343851089478,
    0.9989030957221985,
    0.9956124424934387,
    0.9831809997558594,
    0.9875685572624207,
    0.9897623658180237,
    0.9861060380935669,
    0.9857404232025146,
    0.9747714996337891,
    0.9784277677536011,
    0.9904935956001282
  ],
  "lr": [
    0.0005000000237487257,
    0.0005000000237487257,
    0.0005000000237487257,
    0.0005000000237487257,
    0.0005000000237487257,
    0.0005000000237487257,
    0.0005000000237487257,
    0.0005000000237487257,
    0.0005000000237487257,
    0.0005000000237487257,
    0.0005000000237487257,
    0.0005000000237487257,
    0.0005000000237487257,
    0.0005000000237487257,
    0.0005000000237487257,
    0.0005000000237487257,
    0.0005000000237487257,
    0.0005000000237487257,
    0.0005000000237487257,
    0.0005000000237487257,
    0.0005000000237487257,
    0.0005000000237487257,
    0.0005000000237487257,
    0.0005000000237487257,
    0.0005000000237487257,
    0.0005000000237487257,
    0.0005000000237487257,
    0.0005000000237487257,
    0.0005000000237487257,
    0.0005000000237487257,
    0.0005000000237487257,
    0.0002500000118743628,
    0.0002500000118743628,
    0.0002500000118743628,
    0.0002500000118743628,
    0.0002500000118743628,
    0.0002500000118743628,
    0.0002500000118743628,
    0.0002500000118743628,
    0.0002500000118743628,
    0.0002500000118743628,
    0.0002500000118743628,
    0.0002500000118743628,
    0.0002500000118743628,
    0.0001250000059371814,
    0.0001250000059371814,
    0.0001250000059371814,
    0.0001250000059371814,
    0.0001250000059371814,
    0.0001250000059371814,
    0.0001250000059371814,
    0.0001250000059371814,
    0.0001250000059371814,
    0.0001250000059371814,
    0.0001250000059371814,
    6.25000029685907e-05,
    6.25000029685907e-05,
    6.25000029685907e-05,
    6.25000029685907e-05,
    6.25000029685907e-05,
    3.125000148429535e-05,
    3.125000148429535e-05,
    3.125000148429535e-05,
    3.125000148429535e-05,
    3.125000148429535e-05,
    1.5625000742147677e-05
  ]
}