{
  "condition": "no_imu",
  "accuracy": 0.33308957952468005,
  "macro_f1": 0.16657524227463888,
  "weighted_f1": 0.16645343222544354,
  "n_eval": 2735
}