{
  "asphalt": {
    "precision": 0.9727891156462585,
    "recall": 0.7988826815642458,
    "f1-score": 0.8773006134969326,
    "support": 179.0
  },
  "PVC": {
    "precision": 0.9775280898876404,
    "recall": 1.0,
    "f1-score": 0.9886363636363636,
    "support": 174.0
  },
  "sand": {
    "precision": 0.8520710059171598,
    "recall": 0.9664429530201343,
    "f1-score": 0.9056603773584906,
    "support": 149.0
  },
  "gravel": {
    "precision": 0.950354609929078,
    "recall": 1.0,
    "f1-score": 0.9745454545454545,
    "support": 268.0
  },
  "grass": {
    "precision": 1.0,
    "recall": 0.9668508287292817,
    "f1-score": 0.9831460674157303,
    "support": 181.0
  },
  "accuracy": 0.9505783385909569,
  "macro avg": {
    "precision": 0.9505485642760274,
    "recall": 0.9464352926627324,
    "f1-score": 0.9458577752905943,
    "support": 951.0
  },
  "weighted avg": {
    "precision": 0.9535991111291057,
    "recall": 0.9505783385909569,
    "f1-score": 0.9496640939385093,
    "support": 951.0
  }
}