class,precision,recall,f1,support
asphalt,0.9727891156462585,0.7988826815642458,0.8773006134969326,179
PVC,0.9775280898876404,1.0,0.9886363636363636,174
sand,0.8520710059171598,0.9664429530201343,0.9056603773584906,149
gravel,0.950354609929078,1.0,0.9745454545454545,268
grass,1.0,0.9668508287292817,0.9831460674157303,181
