{
  "asphalt": {
    "precision": 0.0,
    "recall": 0.0,
    "f1-score": 0.0,
    "support": 179.0
  },
  "PVC": {
    "precision": 0.21614906832298136,
    "recall": 1.0,
    "f1-score": 0.355464759959142,
    "support": 174.0
  },
  "sand": {
    "precision": 0.9491525423728814,
    "recall": 0.7516778523489933,
    "f1-score": 0.8389513108614233,
    "support": 149.0
  },
  "gravel": {
    "precision": 0.0,
    "recall": 0.0,
    "f1-score": 0.0,
    "support": 268.0
  },
  "grass": {
    "precision": 1.0,
    "recall": 0.15469613259668508,
    "f1-score": 0.2679425837320574,
    "support": 181.0
  },
  "accuracy": 0.3301787592008412,
  "macro avg": {
    "precision": 0.43306032213917256,
    "recall": 0.3812747969891357,
    "f1-score": 0.2924717309105246,
    "support": 951.0
  },
  "weighted avg": {
    "precision": 0.3785842972678844,
    "recall": 0.3301787592008412,
    "f1-score": 0.24747867634778672,
    "support": 951.0
  }
}