{
  "condition": "no_audio",
  "accuracy": 0.7411334552102377,
  "macro_f1": 0.6822182357761388,
  "weighted_f1": 0.6879601238786298,
  "n_eval": 2735
}