class,precision,recall,f1,support
walk,0.5732368896925859,1.0,0.728735632183908,951
standing,1.0,0.18900343642611683,0.3179190751445087,873
sitting,1.0,1.0,1.0,911
