{
  "asphalt": {
    "precision": 0.0,
    "recall": 0.0,
    "f1-score": 0.0,
    "support": 179.0
  },
  "PVC": {
    "precision": 0.0,
    "recall": 0.0,
    "f1-score": 0.0,
    "support": 174.0
  },
  "sand": {
    "precision": 0.1844059405940594,
    "recall": 1.0,
    "f1-score": 0.3113897596656217,
    "support": 149.0
  },
  "gravel": {
    "precision": 0.9300699300699301,
    "recall": 0.4962686567164179,
    "f1-score": 0.6472019464720195,
    "support": 268.0
  },
  "grass": {
    "precision": 0.0,
    "recall": 0.0,
    "f1-score": 0.0,
    "support": 181.0
  },
  "accuracy": 0.29652996845425866,
  "macro avg": {
    "precision": 0.22289517413279789,
    "recall": 0.2992537313432836,
    "f1-score": 0.19171834122752823,
    "support": 951.0
  },
  "weighted avg": {
    "precision": 0.2909939289245595,
    "recall": 0.29652996845425866,
    "f1-score": 0.23117475903751716,
    "support": 951.0
  }
}