class,precision,recall,f1,support
asphalt,0.0,0.0,0.0,179
PVC,0.0,0.0,0.0,174
sand,0.1844059405940594,1.0,0.3113897596656217,149
gravel,0.9300699300699301,0.4962686567164179,0.6472019464720195,268
grass,0.0,0.0,0.0,181
